-- --------------------------------------------------------
-- 主機:                           127.0.0.1
-- 伺服器版本:                        11.2.2-MariaDB - mariadb.org binary distribution
-- 伺服器作業系統:                      Win64
-- HeidiSQL 版本:                  12.3.0.6589
-- --------------------------------------------------------

/*!40101 SET @OLD_CHARACTER_SET_CLIENT=@@CHARACTER_SET_CLIENT */;
/*!40101 SET NAMES utf8 */;
/*!50503 SET NAMES utf8mb4 */;
/*!40103 SET @OLD_TIME_ZONE=@@TIME_ZONE */;
/*!40103 SET TIME_ZONE='+00:00' */;
/*!40014 SET @OLD_FOREIGN_KEY_CHECKS=@@FOREIGN_KEY_CHECKS, FOREIGN_KEY_CHECKS=0 */;
/*!40101 SET @OLD_SQL_MODE=@@SQL_MODE, SQL_MODE='NO_AUTO_VALUE_ON_ZERO' */;
/*!40111 SET @OLD_SQL_NOTES=@@SQL_NOTES, SQL_NOTES=0 */;


-- 傾印 data_analyze 的資料庫結構
CREATE DATABASE IF NOT EXISTS `data_analyze` /*!40100 DEFAULT CHARACTER SET utf8mb4 COLLATE utf8mb4_general_ci */;
USE `data_analyze`;

-- 傾印  資料表 data_analyze.age_fertility 結構
CREATE TABLE IF NOT EXISTS `age_fertility` (
  `year` int(11) NOT NULL,
  `age` int(11) NOT NULL,
  `value` int(11) DEFAULT NULL,
  PRIMARY KEY (`year`,`age`)
) ENGINE=InnoDB DEFAULT CHARSET=utf8mb4 COLLATE=utf8mb4_general_ci;

-- 正在傾印表格  data_analyze.age_fertility 的資料：~735 rows (近似值)
INSERT INTO `age_fertility` (`year`, `age`, `value`) VALUES
	(91, 15, 292),
	(91, 16, 767),
	(91, 17, 1470),
	(91, 18, 2615),
	(91, 19, 5271),
	(91, 20, 7353),
	(91, 21, 9372),
	(91, 22, 11454),
	(91, 23, 13189),
	(91, 24, 14606),
	(91, 25, 16956),
	(91, 26, 18298),
	(91, 27, 18977),
	(91, 28, 19589),
	(91, 29, 18174),
	(91, 30, 17006),
	(91, 31, 15802),
	(91, 32, 13637),
	(91, 33, 11181),
	(91, 34, 8768),
	(91, 35, 6486),
	(91, 36, 5010),
	(91, 37, 3566),
	(91, 38, 2498),
	(91, 39, 1724),
	(91, 40, 1107),
	(91, 41, 658),
	(91, 42, 396),
	(91, 43, 210),
	(91, 44, 90),
	(91, 45, 47),
	(91, 46, 14),
	(91, 47, 13),
	(91, 48, 2),
	(91, 49, 5),
	(92, 15, 267),
	(92, 16, 612),
	(92, 17, 1093),
	(92, 18, 2066),
	(92, 19, 4620),
	(92, 20, 6313),
	(92, 21, 8474),
	(92, 22, 10037),
	(92, 23, 11927),
	(92, 24, 13460),
	(92, 25, 14653),
	(92, 26, 17507),
	(92, 27, 17867),
	(92, 28, 17972),
	(92, 29, 16993),
	(92, 30, 15686),
	(92, 31, 14647),
	(92, 32, 12815),
	(92, 33, 10509),
	(92, 34, 8347),
	(92, 35, 6420),
	(92, 36, 4632),
	(92, 37, 3546),
	(92, 38, 2483),
	(92, 39, 1697),
	(92, 40, 1182),
	(92, 41, 685),
	(92, 42, 388),
	(92, 43, 218),
	(92, 44, 121),
	(92, 45, 38),
	(92, 46, 17),
	(92, 47, 11),
	(92, 48, 6),
	(92, 49, 2),
	(93, 15, 207),
	(93, 16, 565),
	(93, 17, 871),
	(93, 18, 1837),
	(93, 19, 4045),
	(93, 20, 5752),
	(93, 21, 7845),
	(93, 22, 9342),
	(93, 23, 10946),
	(93, 24, 12405),
	(93, 25, 13719),
	(93, 26, 15578),
	(93, 27, 18056),
	(93, 28, 18246),
	(93, 29, 16108),
	(93, 30, 15379),
	(93, 31, 14003),
	(93, 32, 12492),
	(93, 33, 10280),
	(93, 34, 8435),
	(93, 35, 6532),
	(93, 36, 4664),
	(93, 37, 3384),
	(93, 38, 2503),
	(93, 39, 1690),
	(93, 40, 1199),
	(93, 41, 695),
	(93, 42, 387),
	(93, 43, 214),
	(93, 44, 95),
	(93, 45, 36),
	(93, 46, 20),
	(93, 47, 9),
	(93, 48, 10),
	(93, 49, 2),
	(94, 15, 185),
	(94, 16, 495),
	(94, 17, 826),
	(94, 18, 1550),
	(94, 19, 3346),
	(94, 20, 4850),
	(94, 21, 6476),
	(94, 22, 8215),
	(94, 23, 9832),
	(94, 24, 10899),
	(94, 25, 12766),
	(94, 26, 14096),
	(94, 27, 15807),
	(94, 28, 18023),
	(94, 29, 16544),
	(94, 30, 15143),
	(94, 31, 13848),
	(94, 32, 12024),
	(94, 33, 10222),
	(94, 34, 8596),
	(94, 35, 6840),
	(94, 36, 5134),
	(94, 37, 3584),
	(94, 38, 2510),
	(94, 39, 1790),
	(94, 40, 1162),
	(94, 41, 709),
	(94, 42, 431),
	(94, 43, 231),
	(94, 44, 129),
	(94, 45, 48),
	(94, 46, 28),
	(94, 47, 10),
	(94, 48, 4),
	(94, 49, 1),
	(95, 15, 186),
	(95, 16, 418),
	(95, 17, 772),
	(95, 18, 1309),
	(95, 19, 2319),
	(95, 20, 3934),
	(95, 21, 5703),
	(95, 22, 7189),
	(95, 23, 8927),
	(95, 24, 10562),
	(95, 25, 12269),
	(95, 26, 14051),
	(95, 27, 16109),
	(95, 28, 16938),
	(95, 29, 17370),
	(95, 30, 16631),
	(95, 31, 14632),
	(95, 32, 12904),
	(95, 33, 10735),
	(95, 34, 8760),
	(95, 35, 7230),
	(95, 36, 5425),
	(95, 37, 3950),
	(95, 38, 2694),
	(95, 39, 1736),
	(95, 40, 1255),
	(95, 41, 765),
	(95, 42, 398),
	(95, 43, 229),
	(95, 44, 131),
	(95, 45, 51),
	(95, 46, 21),
	(95, 47, 13),
	(95, 48, 2),
	(95, 49, 2),
	(96, 15, 140),
	(96, 16, 378),
	(96, 17, 715),
	(96, 18, 1085),
	(96, 19, 1939),
	(96, 20, 2882),
	(96, 21, 4311),
	(96, 22, 6051),
	(96, 23, 7735),
	(96, 24, 9584),
	(96, 25, 11463),
	(96, 26, 13450),
	(96, 27, 16073),
	(96, 28, 17692),
	(96, 29, 16756),
	(96, 30, 17927),
	(96, 31, 16160),
	(96, 32, 13652),
	(96, 33, 11366),
	(96, 34, 9032),
	(96, 35, 7419),
	(96, 36, 5686),
	(96, 37, 4270),
	(96, 38, 2977),
	(96, 39, 1935),
	(96, 40, 1260),
	(96, 41, 811),
	(96, 42, 426),
	(96, 43, 236),
	(96, 44, 139),
	(96, 45, 51),
	(96, 46, 24),
	(96, 47, 14),
	(96, 48, 3),
	(96, 49, 2),
	(97, 15, 119),
	(97, 16, 320),
	(97, 17, 632),
	(97, 18, 963),
	(97, 19, 1731),
	(97, 20, 2518),
	(97, 21, 3535),
	(97, 22, 4826),
	(97, 23, 6695),
	(97, 24, 8269),
	(97, 25, 10353),
	(97, 26, 12423),
	(97, 27, 15028),
	(97, 28, 16711),
	(97, 29, 16930),
	(97, 30, 16716),
	(97, 31, 16719),
	(97, 32, 14472),
	(97, 33, 11554),
	(97, 34, 9546),
	(97, 35, 7600),
	(97, 36, 5813),
	(97, 37, 4439),
	(97, 38, 3177),
	(97, 39, 2142),
	(97, 40, 1399),
	(97, 41, 846),
	(97, 42, 465),
	(97, 43, 265),
	(97, 44, 133),
	(97, 45, 51),
	(97, 46, 23),
	(97, 47, 15),
	(97, 48, 3),
	(97, 49, 9),
	(98, 15, 92),
	(98, 16, 267),
	(98, 17, 517),
	(98, 18, 865),
	(98, 19, 1380),
	(98, 20, 2146),
	(98, 21, 2973),
	(98, 22, 3954),
	(98, 23, 5187),
	(98, 24, 7015),
	(98, 25, 8971),
	(98, 26, 11138),
	(98, 27, 14359),
	(98, 28, 16170),
	(98, 29, 16722),
	(98, 30, 17558),
	(98, 31, 16476),
	(98, 32, 15823),
	(98, 33, 12913),
	(98, 34, 9887),
	(98, 35, 7872),
	(98, 36, 6278),
	(98, 37, 4474),
	(98, 38, 3249),
	(98, 39, 2343),
	(98, 40, 1540),
	(98, 41, 883),
	(98, 42, 479),
	(98, 43, 306),
	(98, 44, 144),
	(98, 45, 73),
	(98, 46, 22),
	(98, 47, 12),
	(98, 48, 2),
	(98, 49, 4),
	(99, 15, 103),
	(99, 16, 229),
	(99, 17, 478),
	(99, 18, 716),
	(99, 19, 1240),
	(99, 20, 1858),
	(99, 21, 2583),
	(99, 22, 3268),
	(99, 23, 4177),
	(99, 24, 5435),
	(99, 25, 6799),
	(99, 26, 8460),
	(99, 27, 10905),
	(99, 28, 12638),
	(99, 29, 13359),
	(99, 30, 14008),
	(99, 31, 14730),
	(99, 32, 13617),
	(99, 33, 12702),
	(99, 34, 10439),
	(99, 35, 8120),
	(99, 36, 6218),
	(99, 37, 4642),
	(99, 38, 3431),
	(99, 39, 2518),
	(99, 40, 1657),
	(99, 41, 1016),
	(99, 42, 538),
	(99, 43, 255),
	(99, 44, 158),
	(99, 45, 68),
	(99, 46, 28),
	(99, 47, 19),
	(99, 48, 4),
	(99, 49, 1),
	(100, 15, 103),
	(100, 16, 265),
	(100, 17, 431),
	(100, 18, 769),
	(100, 19, 1249),
	(100, 20, 1814),
	(100, 21, 2539),
	(100, 22, 3408),
	(100, 23, 4456),
	(100, 24, 5488),
	(100, 25, 7118),
	(100, 26, 9348),
	(100, 27, 12129),
	(100, 28, 15075),
	(100, 29, 16526),
	(100, 30, 17721),
	(100, 31, 18570),
	(100, 32, 17463),
	(100, 33, 15188),
	(100, 34, 13445),
	(100, 35, 10525),
	(100, 36, 7744),
	(100, 37, 5595),
	(100, 38, 4045),
	(100, 39, 2835),
	(100, 40, 1935),
	(100, 41, 1156),
	(100, 42, 707),
	(100, 43, 368),
	(100, 44, 158),
	(100, 45, 82),
	(100, 46, 22),
	(100, 47, 15),
	(100, 48, 6),
	(100, 49, 6),
	(101, 15, 124),
	(101, 16, 315),
	(101, 17, 488),
	(101, 18, 799),
	(101, 19, 1357),
	(101, 20, 2002),
	(101, 21, 2707),
	(101, 22, 3693),
	(101, 23, 5076),
	(101, 24, 6404),
	(101, 25, 7841),
	(101, 26, 10162),
	(101, 27, 14104),
	(101, 28, 16732),
	(101, 29, 18873),
	(101, 30, 21437),
	(101, 31, 21987),
	(101, 32, 21097),
	(101, 33, 19146),
	(101, 34, 15570),
	(101, 35, 13512),
	(101, 36, 10094),
	(101, 37, 7040),
	(101, 38, 4958),
	(101, 39, 3491),
	(101, 40, 2372),
	(101, 41, 1507),
	(101, 42, 886),
	(101, 43, 463),
	(101, 44, 171),
	(101, 45, 89),
	(101, 46, 33),
	(101, 47, 15),
	(101, 48, 8),
	(101, 49, 5),
	(102, 15, 101),
	(102, 16, 253),
	(102, 17, 498),
	(102, 18, 831),
	(102, 19, 1278),
	(102, 20, 1833),
	(102, 21, 2336),
	(102, 22, 3186),
	(102, 23, 4122),
	(102, 24, 5330),
	(102, 25, 6430),
	(102, 26, 7436),
	(102, 27, 9927),
	(102, 28, 12884),
	(102, 29, 14021),
	(102, 30, 16190),
	(102, 31, 17367),
	(102, 32, 17572),
	(102, 33, 16108),
	(102, 34, 14426),
	(102, 35, 11646),
	(102, 36, 10093),
	(102, 37, 7086),
	(102, 38, 4951),
	(102, 39, 3368),
	(102, 40, 2418),
	(102, 41, 1435),
	(102, 42, 851),
	(102, 43, 500),
	(102, 44, 223),
	(102, 45, 105),
	(102, 46, 42),
	(102, 47, 26),
	(102, 48, 16),
	(102, 49, 7),
	(103, 15, 89),
	(103, 16, 256),
	(103, 17, 488),
	(103, 18, 845),
	(103, 19, 1332),
	(103, 20, 1834),
	(103, 21, 2399),
	(103, 22, 3113),
	(103, 23, 4108),
	(103, 24, 5379),
	(103, 25, 6898),
	(103, 26, 8285),
	(103, 27, 10197),
	(103, 28, 12693),
	(103, 29, 15066),
	(103, 30, 16970),
	(103, 31, 19008),
	(103, 32, 19557),
	(103, 33, 18023),
	(103, 34, 16135),
	(103, 35, 13556),
	(103, 36, 10524),
	(103, 37, 8574),
	(103, 38, 5832),
	(103, 39, 3960),
	(103, 40, 2620),
	(103, 41, 1590),
	(103, 42, 983),
	(103, 43, 510),
	(103, 44, 296),
	(103, 45, 110),
	(103, 46, 67),
	(103, 47, 29),
	(103, 48, 9),
	(103, 49, 12),
	(104, 15, 86),
	(104, 16, 266),
	(104, 17, 483),
	(104, 18, 860),
	(104, 19, 1431),
	(104, 20, 2027),
	(104, 21, 2593),
	(104, 22, 3167),
	(104, 23, 4090),
	(104, 24, 5443),
	(104, 25, 6587),
	(104, 26, 8519),
	(104, 27, 10512),
	(104, 28, 11951),
	(104, 29, 13758),
	(104, 30, 16499),
	(104, 31, 17795),
	(104, 32, 18791),
	(104, 33, 18322),
	(104, 34, 16796),
	(104, 35, 14362),
	(104, 36, 11764),
	(104, 37, 8677),
	(104, 38, 6757),
	(104, 39, 4544),
	(104, 40, 3009),
	(104, 41, 1803),
	(104, 42, 1021),
	(104, 43, 605),
	(104, 44, 297),
	(104, 45, 120),
	(104, 46, 64),
	(104, 47, 21),
	(104, 48, 10),
	(104, 49, 8),
	(105, 15, 73),
	(105, 16, 255),
	(105, 17, 431),
	(105, 18, 772),
	(105, 19, 1421),
	(105, 20, 2097),
	(105, 21, 2517),
	(105, 22, 3190),
	(105, 23, 3979),
	(105, 24, 5083),
	(105, 25, 6305),
	(105, 26, 8026),
	(105, 27, 10144),
	(105, 28, 11752),
	(105, 29, 12590),
	(105, 30, 14439),
	(105, 31, 16638),
	(105, 32, 17509),
	(105, 33, 17410),
	(105, 34, 16742),
	(105, 35, 14636),
	(105, 36, 12277),
	(105, 37, 9552),
	(105, 38, 6736),
	(105, 39, 5075),
	(105, 40, 3423),
	(105, 41, 2000),
	(105, 42, 1222),
	(105, 43, 614),
	(105, 44, 328),
	(105, 45, 162),
	(105, 46, 78),
	(105, 47, 33),
	(105, 48, 26),
	(105, 49, 14),
	(106, 15, 59),
	(106, 16, 207),
	(106, 17, 427),
	(106, 18, 713),
	(106, 19, 1301),
	(106, 20, 1975),
	(106, 21, 2460),
	(106, 22, 3135),
	(106, 23, 3846),
	(106, 24, 4780),
	(106, 25, 5930),
	(106, 26, 7222),
	(106, 27, 9175),
	(106, 28, 11127),
	(106, 29, 12071),
	(106, 30, 12773),
	(106, 31, 14327),
	(106, 32, 15825),
	(106, 33, 15472),
	(106, 34, 15263),
	(106, 35, 13969),
	(106, 36, 12058),
	(106, 37, 9371),
	(106, 38, 7463),
	(106, 39, 5088),
	(106, 40, 3616),
	(106, 41, 2249),
	(106, 42, 1235),
	(106, 43, 716),
	(106, 44, 366),
	(106, 45, 146),
	(106, 46, 92),
	(106, 47, 57),
	(106, 48, 24),
	(106, 49, 22),
	(107, 15, 55),
	(107, 16, 170),
	(107, 17, 390),
	(107, 18, 660),
	(107, 19, 1130),
	(107, 20, 1789),
	(107, 21, 2472),
	(107, 22, 3009),
	(107, 23, 3742),
	(107, 24, 4553),
	(107, 25, 5456),
	(107, 26, 6650),
	(107, 27, 8443),
	(107, 28, 10129),
	(107, 29, 11602),
	(107, 30, 12202),
	(107, 31, 12772),
	(107, 32, 13455),
	(107, 33, 13969),
	(107, 34, 13585),
	(107, 35, 12793),
	(107, 36, 11216),
	(107, 37, 9173),
	(107, 38, 7085),
	(107, 39, 5153),
	(107, 40, 3588),
	(107, 41, 2407),
	(107, 42, 1402),
	(107, 43, 759),
	(107, 44, 401),
	(107, 45, 190),
	(107, 46, 96),
	(107, 47, 64),
	(107, 48, 26),
	(107, 49, 24),
	(108, 15, 43),
	(108, 16, 148),
	(108, 17, 327),
	(108, 18, 648),
	(108, 19, 1147),
	(108, 20, 1634),
	(108, 21, 2251),
	(108, 22, 2943),
	(108, 23, 3669),
	(108, 24, 4516),
	(108, 25, 5344),
	(108, 26, 6517),
	(108, 27, 8015),
	(108, 28, 9855),
	(108, 29, 10865),
	(108, 30, 12171),
	(108, 31, 12769),
	(108, 32, 12549),
	(108, 33, 12703),
	(108, 34, 12780),
	(108, 35, 12143),
	(108, 36, 10882),
	(108, 37, 9019),
	(108, 38, 7154),
	(108, 39, 5376),
	(108, 40, 3878),
	(108, 41, 2419),
	(108, 42, 1545),
	(108, 43, 858),
	(108, 44, 431),
	(108, 45, 176),
	(108, 46, 109),
	(108, 47, 64),
	(108, 48, 40),
	(108, 49, 26),
	(109, 15, 40),
	(109, 16, 151),
	(109, 17, 275),
	(109, 18, 553),
	(109, 19, 1125),
	(109, 20, 1599),
	(109, 21, 1958),
	(109, 22, 2606),
	(109, 23, 3448),
	(109, 24, 4199),
	(109, 25, 4999),
	(109, 26, 5917),
	(109, 27, 7226),
	(109, 28, 8681),
	(109, 29, 9957),
	(109, 30, 10888),
	(109, 31, 12164),
	(109, 32, 12016),
	(109, 33, 11387),
	(109, 34, 11115),
	(109, 35, 11242),
	(109, 36, 9687),
	(109, 37, 8472),
	(109, 38, 6812),
	(109, 39, 5193),
	(109, 40, 3753),
	(109, 41, 2575),
	(109, 42, 1439),
	(109, 43, 839),
	(109, 44, 443),
	(109, 45, 194),
	(109, 46, 113),
	(109, 47, 76),
	(109, 48, 39),
	(109, 49, 47),
	(110, 15, 48),
	(110, 16, 118),
	(110, 17, 255),
	(110, 18, 498),
	(110, 19, 888),
	(110, 20, 1383),
	(110, 21, 1928),
	(110, 22, 2255),
	(110, 23, 3120),
	(110, 24, 4042),
	(110, 25, 4815),
	(110, 26, 5840),
	(110, 27, 7292),
	(110, 28, 8582),
	(110, 29, 9649),
	(110, 30, 10616),
	(110, 31, 11687),
	(110, 32, 12264),
	(110, 33, 11667),
	(110, 34, 10379),
	(110, 35, 10085),
	(110, 36, 9404),
	(110, 37, 8017),
	(110, 38, 6692),
	(110, 39, 5310),
	(110, 40, 3837),
	(110, 41, 2706),
	(110, 42, 1683),
	(110, 43, 889),
	(110, 44, 487),
	(110, 45, 252),
	(110, 46, 123),
	(110, 47, 52),
	(110, 48, 35),
	(110, 49, 48),
	(111, 15, 31),
	(111, 16, 116),
	(111, 17, 208),
	(111, 18, 412),
	(111, 19, 727),
	(111, 20, 1101),
	(111, 21, 1609),
	(111, 22, 2128),
	(111, 23, 2602),
	(111, 24, 3432),
	(111, 25, 4301),
	(111, 26, 5144),
	(111, 27, 6198),
	(111, 28, 7415),
	(111, 29, 8086),
	(111, 30, 8940),
	(111, 31, 9958),
	(111, 32, 10406),
	(111, 33, 10362),
	(111, 34, 9632),
	(111, 35, 8462),
	(111, 36, 7849),
	(111, 37, 7167),
	(111, 38, 6011),
	(111, 39, 4954),
	(111, 40, 3848),
	(111, 41, 2527),
	(111, 42, 1631),
	(111, 43, 968),
	(111, 44, 519),
	(111, 45, 298),
	(111, 46, 147),
	(111, 47, 73),
	(111, 48, 33),
	(111, 49, 32);

-- 傾印  資料表 data_analyze.age_marrige 結構
CREATE TABLE IF NOT EXISTS `age_marrige` (
  `year` int(11) NOT NULL,
  `age_group` varchar(10) NOT NULL,
  `num` int(11) DEFAULT NULL,
  PRIMARY KEY (`year`,`age_group`)
) ENGINE=InnoDB DEFAULT CHARSET=utf8mb4 COLLATE=utf8mb4_general_ci;

-- 正在傾印表格  data_analyze.age_marrige 的資料：~190 rows (近似值)
INSERT INTO `age_marrige` (`year`, `age_group`, `num`) VALUES
	(93, '15-19', 10293),
	(93, '20-24', 47031),
	(93, '25-29', 96262),
	(93, '30-34', 58180),
	(93, '35-39', 24246),
	(93, '40-44', 11758),
	(93, '45-49', 6511),
	(93, '50-54', 3686),
	(93, '55-59', 1666),
	(93, '60-64', 912),
	(94, '15-19', 6303),
	(94, '20-24', 46186),
	(94, '25-29', 112193),
	(94, '30-34', 65868),
	(94, '35-39', 25040),
	(94, '40-44', 11615),
	(94, '45-49', 6457),
	(94, '50-54', 3884),
	(94, '55-59', 1699),
	(94, '60-64', 825),
	(95, '15-19', 4953),
	(95, '20-24', 41939),
	(95, '25-29', 113303),
	(95, '30-34', 71412),
	(95, '35-39', 26701),
	(95, '40-44', 11807),
	(95, '45-49', 6425),
	(95, '50-54', 4000),
	(95, '55-59', 1911),
	(95, '60-64', 828),
	(96, '15-19', 4615),
	(96, '20-24', 37067),
	(96, '25-29', 102399),
	(96, '30-34', 72425),
	(96, '35-39', 26923),
	(96, '40-44', 11696),
	(96, '45-49', 6303),
	(96, '50-54', 3937),
	(96, '55-59', 1978),
	(96, '60-64', 803),
	(97, '15-19', 4284),
	(97, '20-24', 34182),
	(97, '25-29', 122539),
	(97, '30-34', 89331),
	(97, '35-39', 30801),
	(97, '40-44', 12585),
	(97, '45-49', 6823),
	(97, '50-54', 4199),
	(97, '55-59', 2311),
	(97, '60-64', 958),
	(98, '15-19', 3273),
	(98, '20-24', 25056),
	(98, '25-29', 81569),
	(98, '30-34', 69283),
	(98, '35-39', 26562),
	(98, '40-44', 11483),
	(98, '45-49', 6807),
	(98, '50-54', 4473),
	(98, '55-59', 2583),
	(98, '60-64', 1097),
	(99, '15-19', 2940),
	(99, '20-24', 25227),
	(99, '25-29', 94440),
	(99, '30-34', 91598),
	(99, '35-39', 31845),
	(99, '40-44', 13230),
	(99, '45-49', 7561),
	(99, '50-54', 4662),
	(99, '55-59', 2777),
	(99, '60-64', 1266),
	(100, '15-19', 3110),
	(100, '20-24', 27700),
	(100, '25-29', 113107),
	(100, '30-34', 112369),
	(100, '35-39', 39415),
	(100, '40-44', 15304),
	(100, '45-49', 8283),
	(100, '50-54', 5016),
	(100, '55-59', 3117),
	(100, '60-64', 1386),
	(101, '15-19', 3166),
	(101, '20-24', 26004),
	(101, '25-29', 90462),
	(101, '30-34', 98129),
	(101, '35-39', 36328),
	(101, '40-44', 14217),
	(101, '45-49', 7667),
	(101, '50-54', 4697),
	(101, '55-59', 2824),
	(101, '60-64', 1576),
	(102, '15-19', 3301),
	(102, '20-24', 25595),
	(102, '25-29', 88895),
	(102, '30-34', 102956),
	(102, '35-39', 40645),
	(102, '40-44', 15129),
	(102, '45-49', 7802),
	(102, '50-54', 4753),
	(102, '55-59', 2959),
	(102, '60-64', 1667),
	(103, '15-19', 3452),
	(103, '20-24', 25718),
	(103, '25-29', 86120),
	(103, '30-34', 104009),
	(103, '35-39', 43653),
	(103, '40-44', 15916),
	(103, '45-49', 8092),
	(103, '50-54', 5125),
	(103, '55-59', 3151),
	(103, '60-64', 1757),
	(104, '15-19', 3594),
	(104, '20-24', 26992),
	(104, '25-29', 87802),
	(104, '30-34', 104633),
	(104, '35-39', 47510),
	(104, '40-44', 17147),
	(104, '45-49', 8783),
	(104, '50-54', 5481),
	(104, '55-59', 3288),
	(104, '60-64', 1917),
	(105, '15-19', 3601),
	(105, '20-24', 26133),
	(105, '25-29', 82365),
	(105, '30-34', 96450),
	(105, '35-39', 48100),
	(105, '40-44', 17524),
	(105, '45-49', 9047),
	(105, '50-54', 5542),
	(105, '55-59', 3323),
	(105, '60-64', 1978),
	(106, '15-19', 3426),
	(106, '20-24', 25023),
	(106, '25-29', 79125),
	(106, '30-34', 83975),
	(106, '35-39', 44410),
	(106, '40-44', 17939),
	(106, '45-49', 9033),
	(106, '50-54', 5784),
	(106, '55-59', 3509),
	(106, '60-64', 2041),
	(107, '15-19', 3171),
	(107, '20-24', 24833),
	(107, '25-29', 76599),
	(107, '30-34', 80329),
	(107, '35-39', 45556),
	(107, '40-44', 18032),
	(107, '45-49', 8983),
	(107, '50-54', 5621),
	(107, '55-59', 3675),
	(107, '60-64', 2177),
	(108, '15-19', 3054),
	(108, '20-24', 24377),
	(108, '25-29', 75551),
	(108, '30-34', 78361),
	(108, '35-39', 44954),
	(108, '40-44', 19414),
	(108, '45-49', 9376),
	(108, '50-54', 5994),
	(108, '55-59', 3701),
	(108, '60-64', 2249),
	(109, '15-19', 2471),
	(109, '20-24', 23059),
	(109, '25-29', 70701),
	(109, '30-34', 71029),
	(109, '35-39', 39343),
	(109, '40-44', 17080),
	(109, '45-49', 7812),
	(109, '50-54', 4939),
	(109, '55-59', 3297),
	(109, '60-64', 1877),
	(110, '15-19', 1984),
	(110, '20-24', 20337),
	(110, '25-29', 66672),
	(110, '30-34', 69183),
	(110, '35-39', 35680),
	(110, '40-44', 16184),
	(110, '45-49', 7383),
	(110, '50-54', 4726),
	(110, '55-59', 3133),
	(110, '60-64', 1959),
	(111, '15-19', 1763),
	(111, '20-24', 20546),
	(111, '25-29', 72012),
	(111, '30-34', 76856),
	(111, '35-39', 37411),
	(111, '40-44', 18972),
	(111, '45-49', 8843),
	(111, '50-54', 5427),
	(111, '55-59', 3643),
	(111, '60-64', 2270);

-- 傾印  資料表 data_analyze.cpi 結構
CREATE TABLE IF NOT EXISTS `cpi` (
  `year` int(11) NOT NULL AUTO_INCREMENT,
  `value` float DEFAULT NULL,
  PRIMARY KEY (`year`)
) ENGINE=InnoDB AUTO_INCREMENT=113 DEFAULT CHARSET=utf8mb4 COLLATE=utf8mb4_general_ci;

-- 正在傾印表格  data_analyze.cpi 的資料：~21 rows (近似值)
INSERT INTO `cpi` (`year`, `value`) VALUES
	(92, -0.28),
	(93, 1.61),
	(94, 2.31),
	(95, 0.6),
	(96, 1.79),
	(97, 3.54),
	(98, -0.88),
	(99, 0.97),
	(100, 1.42),
	(101, 1.93),
	(102, 0.8),
	(103, 1.2),
	(104, -0.31),
	(105, 1.4),
	(106, 0.62),
	(107, 1.36),
	(108, 0.55),
	(109, -0.23),
	(110, 1.97),
	(111, 2.95),
	(112, 2.49);

-- 傾印  資料表 data_analyze.female_labor 結構
CREATE TABLE IF NOT EXISTS `female_labor` (
  `year` int(11) NOT NULL AUTO_INCREMENT,
  `value` float DEFAULT NULL,
  PRIMARY KEY (`year`)
) ENGINE=InnoDB AUTO_INCREMENT=113 DEFAULT CHARSET=utf8mb4 COLLATE=utf8mb4_general_ci;

-- 正在傾印表格  data_analyze.female_labor 的資料：~21 rows (近似值)
INSERT INTO `female_labor` (`year`, `value`) VALUES
	(92, 47.14),
	(93, 47.71),
	(94, 48.12),
	(95, 48.68),
	(96, 49.44),
	(97, 49.67),
	(98, 49.62),
	(99, 49.89),
	(100, 49.97),
	(101, 50.19),
	(102, 50.46),
	(103, 50.64),
	(104, 50.74),
	(105, 50.8),
	(106, 50.92),
	(107, 51.14),
	(108, 51.39),
	(109, 51.41),
	(110, 51.49),
	(111, 51.61),
	(112, 51.82);

-- 傾印  資料表 data_analyze.fertility 結構
CREATE TABLE IF NOT EXISTS `fertility` (
  `year` int(11) NOT NULL AUTO_INCREMENT,
  `value` int(11) DEFAULT NULL,
  PRIMARY KEY (`year`)
) ENGINE=InnoDB AUTO_INCREMENT=112 DEFAULT CHARSET=utf8mb4 COLLATE=utf8mb4_general_ci;

-- 正在傾印表格  data_analyze.fertility 的資料：~21 rows (近似值)
INSERT INTO `fertility` (`year`, `value`) VALUES
	(91, 1340),
	(92, 1235),
	(93, 1180),
	(94, 1115),
	(95, 1115),
	(96, 1100),
	(97, 1050),
	(98, 1030),
	(99, 895),
	(100, 1065),
	(101, 1270),
	(102, 1065),
	(103, 1165),
	(104, 1175),
	(105, 1170),
	(106, 1125),
	(107, 1060),
	(108, 1050),
	(109, 990),
	(110, 975),
	(111, 870);

-- 傾印  資料表 data_analyze.unmarrige 結構
CREATE TABLE IF NOT EXISTS `unmarrige` (
  `year` int(11) NOT NULL AUTO_INCREMENT,
  `num` int(11) DEFAULT NULL,
  PRIMARY KEY (`year`)
) ENGINE=InnoDB AUTO_INCREMENT=113 DEFAULT CHARSET=utf8mb4 COLLATE=utf8mb4_general_ci;

-- 正在傾印表格  data_analyze.unmarrige 的資料：~22 rows (近似值)
INSERT INTO `unmarrige` (`year`, `num`) VALUES
	(91, 6067180),
	(92, 6151231),
	(93, 6249669),
	(94, 6352447),
	(95, 6441018),
	(96, 6535786),
	(97, 6601228),
	(98, 6728720),
	(99, 6819872),
	(100, 6858488),
	(101, 6942080),
	(102, 6957942),
	(103, 6987591),
	(104, 7032477),
	(105, 7041373),
	(106, 7057410),
	(107, 7058572),
	(108, 7054060),
	(109, 7036146),
	(110, 6980709),
	(111, 6945945),
	(112, 7015788);

/*!40103 SET TIME_ZONE=IFNULL(@OLD_TIME_ZONE, 'system') */;
/*!40101 SET SQL_MODE=IFNULL(@OLD_SQL_MODE, '') */;
/*!40014 SET FOREIGN_KEY_CHECKS=IFNULL(@OLD_FOREIGN_KEY_CHECKS, 1) */;
/*!40101 SET CHARACTER_SET_CLIENT=@OLD_CHARACTER_SET_CLIENT */;
/*!40111 SET SQL_NOTES=IFNULL(@OLD_SQL_NOTES, 1) */;
